tree_tip_raw,tree_tip_display,tree_tip_clean_original,tree_tip_clean,was_remapped
Allenopithecus_nigroviridis,Allenopithecus nigroviridis,allenopithecus nigroviridis,allenopithecus nigroviridis,FALSE
Allocebus_trichotis,Allocebus trichotis,allocebus trichotis,allocebus trichotis,FALSE
Alouatta_belzebul,Alouatta belzebul,alouatta belzebul,alouatta belzebul,FALSE
Alouatta_caraya,Alouatta caraya,alouatta caraya,alouatta caraya,FALSE
Alouatta_guariba,Alouatta guariba,alouatta guariba,alouatta guariba,FALSE
Alouatta_palliata,Alouatta palliata,alouatta palliata,alouatta palliata,FALSE
Alouatta_pigra,Alouatta pigra,alouatta pigra,alouatta pigra,FALSE
Alouatta_sara,Alouatta sara,alouatta sara,alouatta sara,FALSE
Alouatta_seniculus,Alouatta seniculus,alouatta seniculus,alouatta seniculus,FALSE
Aotus_azarai,Aotus azarai,aotus azarai,aotus azarai,FALSE
Aotus_azarai_boliviensis,Aotus azarai boliviensis,aotus azarai,aotus azarai,FALSE
Aotus_brumbacki,Aotus brumbacki,aotus brumbacki,aotus brumbacki,FALSE
Aotus_infulatus,Aotus infulatus,aotus infulatus,aotus infulatus,FALSE
Aotus_lemurinus,Aotus lemurinus,aotus lemurinus,aotus lemurinus,FALSE
Aotus_lemurinus_griseimembra,Aotus lemurinus griseimembra,aotus lemurinus,aotus lemurinus,FALSE
Aotus_nancymaae,Aotus nancymaae,aotus nancymaae,aotus nancymaae,FALSE
Aotus_nigriceps,Aotus nigriceps,aotus nigriceps,aotus nigriceps,FALSE
Aotus_trivirgatus,Aotus trivirgatus,aotus trivirgatus,aotus trivirgatus,FALSE
Aotus_vociferans,Aotus vociferans,aotus vociferans,aotus vociferans,FALSE
Archaeolemur_majori,Archaeolemur majori,archaeolemur majori,archaeolemur majori,FALSE
Arctocebus_aureus,Arctocebus aureus,arctocebus aureus,arctocebus aureus,FALSE
Arctocebus_calabarensis,Arctocebus calabarensis,arctocebus calabarensis,arctocebus calabarensis,FALSE
Ateles_belzebuth,Ateles belzebuth,ateles belzebuth,ateles belzebuth,FALSE
Ateles_fusciceps,Ateles fusciceps,ateles fusciceps,ateles fusciceps,FALSE
Ateles_geoffroyi,Ateles geoffroyi,ateles geoffroyi,ateles geoffroyi,FALSE
Ateles_paniscus,Ateles paniscus,ateles paniscus,ateles paniscus,FALSE
Avahi_cleesei,Avahi cleesei,avahi cleesei,avahi cleesei,FALSE
Avahi_laniger,Avahi laniger,avahi laniger,avahi laniger,FALSE
Avahi_occidentalis,Avahi occidentalis,avahi occidentalis,avahi occidentalis,FALSE
Avahi_unicolor,Avahi unicolor,avahi unicolor,avahi unicolor,FALSE
Brachyteles_arachnoides,Brachyteles arachnoides,brachyteles arachnoides,brachyteles arachnoides,FALSE
Bunopithecus_hoolock,Bunopithecus hoolock,bunopithecus hoolock,bunopithecus hoolock,FALSE
Cacajao_calvus,Cacajao calvus,cacajao calvus,cacajao calvus,FALSE
Cacajao_melanocephalus,Cacajao melanocephalus,cacajao melanocephalus,cacajao melanocephalus,FALSE
Callicebus_donacophilus,Callicebus donacophilus,callicebus donacophilus,callicebus donacophilus,FALSE
Callicebus_hoffmannsi,Callicebus hoffmannsi,callicebus hoffmannsi,callicebus hoffmannsi,FALSE
Callicebus_moloch,Callicebus moloch,callicebus moloch,callicebus moloch,FALSE
Callicebus_personatus,Callicebus personatus,callicebus personatus,callicebus personatus,FALSE
Callicebus_torquatus,Callicebus torquatus,callicebus torquatus,callicebus torquatus,FALSE
Callimico_goeldii,Callimico goeldii,callimico goeldii,callimico goeldii,FALSE
Callithrix_argentata,Callithrix argentata,callithrix argentata,callithrix argentata,FALSE
Callithrix_aurita,Callithrix aurita,callithrix aurita,callithrix aurita,FALSE
Callithrix_emiliae,Callithrix emiliae,callithrix emiliae,callithrix emiliae,FALSE
Callithrix_geoffroyi,Callithrix geoffroyi,callithrix geoffroyi,callithrix geoffroyi,FALSE
Callithrix_humeralifera,Callithrix humeralifera,callithrix humeralifera,callithrix humeralifera,FALSE
Callithrix_jacchus,Callithrix jacchus,callithrix jacchus,callithrix jacchus,FALSE
Callithrix_kuhli,Callithrix kuhli,callithrix kuhli,callithrix kuhli,FALSE
Callithrix_mauesi,Callithrix mauesi,callithrix mauesi,callithrix mauesi,FALSE
Callithrix_penicillata,Callithrix penicillata,callithrix penicillata,callithrix penicillata,FALSE
Callithrix_pygmaea,Callithrix pygmaea,callithrix pygmaea,callithrix pygmaea,FALSE
Cebus_albifrons,Cebus albifrons,cebus albifrons,cebus albifrons,FALSE
Cebus_apella,Cebus apella,cebus apella,cebus apella,FALSE
Cebus_capucinus,Cebus capucinus,cebus capucinus,cebus capucinus,FALSE
Cebus_olivaceus,Cebus olivaceus,cebus olivaceus,cebus olivaceus,FALSE
Cebus_xanthosternos,Cebus xanthosternos,cebus xanthosternos,cebus xanthosternos,FALSE
Cercocebus_agilis,Cercocebus agilis,cercocebus agilis,cercocebus agilis,FALSE
Cercocebus_galeritus,Cercocebus galeritus,cercocebus galeritus,cercocebus galeritus,FALSE
Cercocebus_torquatus,Cercocebus torquatus,cercocebus torquatus,cercocebus torquatus,FALSE
Cercocebus_torquatus_atys,Cercocebus torquatus atys,cercocebus torquatus,cercocebus torquatus,FALSE
Cercopithecus_albogularis,Cercopithecus albogularis,cercopithecus albogularis,cercopithecus albogularis,FALSE
Cercopithecus_ascanius,Cercopithecus ascanius,cercopithecus ascanius,cercopithecus ascanius,FALSE
Cercopithecus_campbelli,Cercopithecus campbelli,cercopithecus campbelli,cercopithecus campbelli,FALSE
Cercopithecus_campbelli_lowei,Cercopithecus campbelli lowei,cercopithecus campbelli,cercopithecus campbelli,FALSE
Cercopithecus_cephus,Cercopithecus cephus,cercopithecus cephus,cercopithecus cephus,FALSE
Cercopithecus_cephus_cephus,Cercopithecus cephus cephus,cercopithecus cephus,cercopithecus cephus,FALSE
Cercopithecus_cephus_ngottoensis,Cercopithecus cephus ngottoensis,cercopithecus cephus,cercopithecus cephus,FALSE
Cercopithecus_diana,Cercopithecus diana,cercopithecus diana,cercopithecus diana,FALSE
Cercopithecus_erythrogaster,Cercopithecus erythrogaster,cercopithecus erythrogaster,cercopithecus erythrogaster,FALSE
Cercopithecus_erythrogaster_erythrogaster,Cercopithecus erythrogaster erythrogaster,cercopithecus erythrogaster,cercopithecus erythrogaster,FALSE
Cercopithecus_erythrotis,Cercopithecus erythrotis,cercopithecus erythrotis,cercopithecus erythrotis,FALSE
Cercopithecus_hamlyni,Cercopithecus hamlyni,cercopithecus hamlyni,cercopithecus hamlyni,FALSE
Cercopithecus_lhoesti,Cercopithecus lhoesti,cercopithecus lhoesti,cercopithecus lhoesti,FALSE
Cercopithecus_mitis,Cercopithecus mitis,cercopithecus mitis,cercopithecus mitis,FALSE
Cercopithecus_mona,Cercopithecus mona,cercopithecus mona,cercopithecus mona,FALSE
Cercopithecus_neglectus,Cercopithecus neglectus,cercopithecus neglectus,cercopithecus neglectus,FALSE
Cercopithecus_nictitans,Cercopithecus nictitans,cercopithecus nictitans,cercopithecus nictitans,FALSE
Cercopithecus_petaurista,Cercopithecus petaurista,cercopithecus petaurista,cercopithecus petaurista,FALSE
Cercopithecus_pogonias,Cercopithecus pogonias,cercopithecus pogonias,cercopithecus pogonias,FALSE
Cercopithecus_preussi,Cercopithecus preussi,cercopithecus preussi,cercopithecus preussi,FALSE
Cercopithecus_solatus,Cercopithecus solatus,cercopithecus solatus,cercopithecus solatus,FALSE
Cercopithecus_wolfi,Cercopithecus wolfi,cercopithecus wolfi,cercopithecus wolfi,FALSE
Cheirogaleus_crossleyi,Cheirogaleus crossleyi,cheirogaleus crossleyi,cheirogaleus crossleyi,FALSE
Cheirogaleus_major,Cheirogaleus major,cheirogaleus major,cheirogaleus major,FALSE
Cheirogaleus_medius,Cheirogaleus medius,cheirogaleus medius,cheirogaleus medius,FALSE
Chiropotes_satanas,Chiropotes satanas,chiropotes satanas,chiropotes satanas,FALSE
Chlorocebus_aethiops,Chlorocebus aethiops,chlorocebus aethiops,chlorocebus aethiops,FALSE
Chlorocebus_pygerythrus,Chlorocebus pygerythrus,chlorocebus pygerythrus,chlorocebus pygerythrus,FALSE
Chlorocebus_pygerythrus_cynosurus,Chlorocebus pygerythrus cynosurus,chlorocebus pygerythrus,chlorocebus pygerythrus,FALSE
Chlorocebus_sabaeus,Chlorocebus sabaeus,chlorocebus sabaeus,chlorocebus sabaeus,FALSE
Chlorocebus_tantalus,Chlorocebus tantalus,chlorocebus tantalus,chlorocebus tantalus,FALSE
Colobus_angolensis,Colobus angolensis,colobus angolensis,colobus angolensis,FALSE
Colobus_angolensis_palliatus,Colobus angolensis palliatus,colobus angolensis,colobus angolensis,FALSE
Colobus_guereza,Colobus guereza,colobus guereza,colobus guereza,FALSE
Colobus_polykomos,Colobus polykomos,colobus polykomos,colobus polykomos,FALSE
Colobus_satanas,Colobus satanas,colobus satanas,colobus satanas,FALSE
Colobus_vellerosus,Colobus vellerosus,colobus vellerosus,colobus vellerosus,FALSE
Daubentonia_madagascariensis,Daubentonia madagascariensis,daubentonia madagascariensis,daubentonia madagascariensis,FALSE
Erythrocebus_patas,Erythrocebus patas,erythrocebus patas,erythrocebus patas,FALSE
Eulemur_coronatus,Eulemur coronatus,eulemur coronatus,eulemur coronatus,FALSE
Eulemur_fulvus_albifrons,Eulemur fulvus albifrons,eulemur fulvus,eulemur fulvus,FALSE
Eulemur_fulvus_albocollaris,Eulemur fulvus albocollaris,eulemur fulvus,eulemur fulvus,FALSE
Eulemur_fulvus_collaris,Eulemur fulvus collaris,eulemur fulvus,eulemur fulvus,FALSE
Eulemur_fulvus_fulvus,Eulemur fulvus fulvus,eulemur fulvus,eulemur fulvus,FALSE
Eulemur_fulvus_mayottensis,Eulemur fulvus mayottensis,eulemur fulvus,eulemur fulvus,FALSE
Eulemur_fulvus_rufus,Eulemur fulvus rufus,eulemur fulvus,eulemur fulvus,FALSE
Eulemur_fulvus_sanfordi,Eulemur fulvus sanfordi,eulemur fulvus,eulemur fulvus,FALSE
Eulemur_macaco_flavifrons,Eulemur macaco flavifrons,eulemur macaco,eulemur macaco,FALSE
Eulemur_macaco_macaco,Eulemur macaco macaco,eulemur macaco,eulemur macaco,FALSE
Eulemur_mongoz,Eulemur mongoz,eulemur mongoz,eulemur mongoz,FALSE
Eulemur_rubriventer,Eulemur rubriventer,eulemur rubriventer,eulemur rubriventer,FALSE
Euoticus_elegantulus,Euoticus elegantulus,euoticus elegantulus,euoticus elegantulus,FALSE
Galago_alleni,Galago alleni,galago alleni,galago alleni,FALSE
Galago_gallarum,Galago gallarum,galago gallarum,galago gallarum,FALSE
Galago_granti,Galago granti,galago granti,galago granti,FALSE
Galago_matschiei,Galago matschiei,galago matschiei,galago matschiei,FALSE
Galago_moholi,Galago moholi,galago moholi,galago moholi,FALSE
Galago_senegalensis,Galago senegalensis,galago senegalensis,galago senegalensis,FALSE
Galagoides_demidoff,Galagoides demidoff,galagoides demidoff,galagoides demidoff,FALSE
Galagoides_zanzibaricus,Galagoides zanzibaricus,galagoides zanzibaricus,galagoides zanzibaricus,FALSE
Gorilla_beringei,Gorilla beringei,gorilla beringei,gorilla beringei,FALSE
Gorilla_gorilla_gorilla,Gorilla gorilla gorilla,gorilla gorilla,gorilla gorilla,FALSE
Gorilla_gorilla_graueri,Gorilla gorilla graueri,gorilla gorilla,gorilla gorilla,FALSE
Hapalemur_aureus,Hapalemur aureus,hapalemur aureus,hapalemur aureus,FALSE
Hapalemur_griseus,Hapalemur griseus,hapalemur griseus,hapalemur griseus,FALSE
Hapalemur_griseus_alaotrensis,Hapalemur griseus alaotrensis,hapalemur griseus,hapalemur griseus,FALSE
Hapalemur_griseus_griseus,Hapalemur griseus griseus,hapalemur griseus,hapalemur griseus,FALSE
Hapalemur_griseus_meridionalis,Hapalemur griseus meridionalis,hapalemur griseus,hapalemur griseus,FALSE
Hapalemur_griseus_occidentalis,Hapalemur griseus occidentalis,hapalemur griseus,hapalemur griseus,FALSE
Hapalemur_simus,Hapalemur simus,hapalemur simus,hapalemur simus,FALSE
Homo_sapiens,Homo sapiens,homo sapiens,homo sapiens,FALSE
Homo_sapiens_neanderthalensis,Homo sapiens neanderthalensis,homo sapiens,homo sapiens,FALSE
Hylobates_agilis,Hylobates agilis,hylobates agilis,hylobates agilis,FALSE
Hylobates_klossii,Hylobates klossii,hylobates klossii,hylobates klossii,FALSE
Hylobates_lar,Hylobates lar,hylobates lar,hylobates lar,FALSE
Hylobates_moloch,Hylobates moloch,hylobates moloch,hylobates moloch,FALSE
Hylobates_muelleri,Hylobates muelleri,hylobates muelleri,hylobates muelleri,FALSE
Hylobates_pileatus,Hylobates pileatus,hylobates pileatus,hylobates pileatus,FALSE
Indri_indri,Indri indri,indri indri,indri indri,FALSE
Lagothrix_lagotricha,Lagothrix lagotricha,lagothrix lagotricha,lagothrix lagotricha,FALSE
Lemur_catta,Lemur catta,lemur catta,lemur catta,FALSE
Leontopithecus_chrysomelas,Leontopithecus chrysomelas,leontopithecus chrysomelas,leontopithecus chrysomelas,FALSE
Leontopithecus_chrysopygus,Leontopithecus chrysopygus,leontopithecus chrysopygus,leontopithecus chrysopygus,FALSE
Leontopithecus_rosalia,Leontopithecus rosalia,leontopithecus rosalia,leontopithecus rosalia,FALSE
Lepilemur_aeeclis,Lepilemur aeeclis,lepilemur aeeclis,lepilemur aeeclis,FALSE
Lepilemur_ankaranensis,Lepilemur ankaranensis,lepilemur ankaranensis,lepilemur ankaranensis,FALSE
Lepilemur_dorsalis,Lepilemur dorsalis,lepilemur dorsalis,lepilemur dorsalis,FALSE
Lepilemur_edwardsi,Lepilemur edwardsi,lepilemur edwardsi,lepilemur edwardsi,FALSE
Lepilemur_hubbardorum,Lepilemur hubbardorum,lepilemur hubbardorum,lepilemur hubbardorum,FALSE
Lepilemur_leucopus,Lepilemur leucopus,lepilemur leucopus,lepilemur leucopus,FALSE
Lepilemur_manasamody,Lepilemur manasamody,lepilemur manasamody,lepilemur manasamody,FALSE
Lepilemur_microdon,Lepilemur microdon,lepilemur microdon,lepilemur microdon,FALSE
Lepilemur_mitsinjoensis,Lepilemur mitsinjoensis,lepilemur mitsinjoensis,lepilemur mitsinjoensis,FALSE
Lepilemur_mustelinus,Lepilemur mustelinus,lepilemur mustelinus,lepilemur mustelinus,FALSE
Lepilemur_otto,Lepilemur otto,lepilemur otto,lepilemur otto,FALSE
Lepilemur_randrianasoli,Lepilemur randrianasoli,lepilemur randrianasoli,lepilemur randrianasoli,FALSE
Lepilemur_ruficaudatus,Lepilemur ruficaudatus,lepilemur ruficaudatus,lepilemur ruficaudatus,FALSE
Lepilemur_sahamalazensis,Lepilemur sahamalazensis,lepilemur sahamalazensis,lepilemur sahamalazensis,FALSE
Lepilemur_seali,Lepilemur seali,lepilemur seali,lepilemur seali,FALSE
Lepilemur_septentrionalis,Lepilemur septentrionalis,lepilemur septentrionalis,lepilemur septentrionalis,FALSE
Lophocebus_albigena,Lophocebus albigena,lophocebus albigena,lophocebus albigena,FALSE
Lophocebus_aterrimus,Lophocebus aterrimus,lophocebus aterrimus,lophocebus aterrimus,FALSE
Loris_lydekkerianus,Loris lydekkerianus,loris lydekkerianus,loris lydekkerianus,FALSE
Loris_tardigradus,Loris tardigradus,loris tardigradus,loris tardigradus,FALSE
Macaca_arctoides,Macaca arctoides,macaca arctoides,macaca arctoides,FALSE
Macaca_assamensis,Macaca assamensis,macaca assamensis,macaca assamensis,FALSE
Macaca_brunnescens,Macaca brunnescens,macaca brunnescens,macaca brunnescens,FALSE
Macaca_cyclopis,Macaca cyclopis,macaca cyclopis,macaca cyclopis,FALSE
Macaca_fascicularis,Macaca fascicularis,macaca fascicularis,macaca fascicularis,FALSE
Macaca_fuscata,Macaca fuscata,macaca fuscata,macaca fuscata,FALSE
Macaca_hecki,Macaca hecki,macaca hecki,macaca hecki,FALSE
Macaca_leonina,Macaca leonina,macaca leonina,macaca leonina,FALSE
Macaca_maura,Macaca maura,macaca maura,macaca maura,FALSE
Macaca_mulatta,Macaca mulatta,macaca mulatta,macaca mulatta,FALSE
Macaca_munzala,Macaca munzala,macaca munzala,macaca munzala,FALSE
Macaca_nemestrina,Macaca nemestrina,macaca nemestrina,macaca nemestrina,FALSE
Macaca_nemestrina_leonina,Macaca nemestrina leonina,macaca nemestrina,macaca nemestrina,FALSE
Macaca_nemestrina_siberu,Macaca nemestrina siberu,macaca nemestrina,macaca nemestrina,FALSE
Macaca_nigra,Macaca nigra,macaca nigra,macaca nigra,FALSE
Macaca_nigrescens,Macaca nigrescens,macaca nigrescens,macaca nigrescens,FALSE
Macaca_ochreata,Macaca ochreata,macaca ochreata,macaca ochreata,FALSE
Macaca_pagensis,Macaca pagensis,macaca pagensis,macaca pagensis,FALSE
Macaca_radiata,Macaca radiata,macaca radiata,macaca radiata,FALSE
Macaca_silenus,Macaca silenus,macaca silenus,macaca silenus,FALSE
Macaca_sinica,Macaca sinica,macaca sinica,macaca sinica,FALSE
Macaca_sylvanus,Macaca sylvanus,macaca sylvanus,macaca sylvanus,FALSE
Macaca_thibetana,Macaca thibetana,macaca thibetana,macaca thibetana,FALSE
Macaca_tonkeana,Macaca tonkeana,macaca tonkeana,macaca tonkeana,FALSE
Mandrillus_leucophaeus,Mandrillus leucophaeus,mandrillus leucophaeus,mandrillus leucophaeus,FALSE
Mandrillus_sphinx,Mandrillus sphinx,mandrillus sphinx,mandrillus sphinx,FALSE
Microcebus_berthae,Microcebus berthae,microcebus berthae,microcebus berthae,FALSE
Microcebus_bongolavensis,Microcebus bongolavensis,microcebus bongolavensis,microcebus bongolavensis,FALSE
Microcebus_danfossi,Microcebus danfossi,microcebus danfossi,microcebus danfossi,FALSE
Microcebus_griseorufus,Microcebus griseorufus,microcebus griseorufus,microcebus griseorufus,FALSE
Microcebus_jollyae,Microcebus jollyae,microcebus jollyae,microcebus jollyae,FALSE
Microcebus_lehilahytsara,Microcebus lehilahytsara,microcebus lehilahytsara,microcebus lehilahytsara,FALSE
Microcebus_lokobensis,Microcebus lokobensis,microcebus lokobensis,microcebus lokobensis,FALSE
Microcebus_macarthurii,Microcebus macarthurii,microcebus macarthurii,microcebus macarthurii,FALSE
Microcebus_mamiratra,Microcebus mamiratra,microcebus mamiratra,microcebus mamiratra,FALSE
Microcebus_mittermeieri,Microcebus mittermeieri,microcebus mittermeieri,microcebus mittermeieri,FALSE
Microcebus_murinus,Microcebus murinus,microcebus murinus,microcebus murinus,FALSE
Microcebus_myoxinus,Microcebus myoxinus,microcebus myoxinus,microcebus myoxinus,FALSE
Microcebus_ravelobensis,Microcebus ravelobensis,microcebus ravelobensis,microcebus ravelobensis,FALSE
Microcebus_rufus,Microcebus rufus,microcebus rufus,microcebus rufus,FALSE
Microcebus_sambiranensis,Microcebus sambiranensis,microcebus sambiranensis,microcebus sambiranensis,FALSE
Microcebus_simmonsi,Microcebus simmonsi,microcebus simmonsi,microcebus simmonsi,FALSE
Microcebus_tavaratra,Microcebus tavaratra,microcebus tavaratra,microcebus tavaratra,FALSE
Miopithecus_talapoin,Miopithecus talapoin,miopithecus talapoin,miopithecus talapoin,FALSE
Mirza_coquereli,Mirza coquereli,mirza coquereli,mirza coquereli,FALSE
Mirza_zaza,Mirza zaza,mirza zaza,mirza zaza,FALSE
Nasalis_larvatus,Nasalis larvatus,nasalis larvatus,nasalis larvatus,FALSE
Nomascus_concolor,Nomascus concolor,nomascus concolor,nomascus concolor,FALSE
Nomascus_gabriellae,Nomascus gabriellae,nomascus gabriellae,nomascus gabriellae,FALSE
Nomascus_leucogenys,Nomascus leucogenys,nomascus leucogenys,nomascus leucogenys,FALSE
Nomascus_nasutus,Nomascus nasutus,nomascus nasutus,nomascus nasutus,FALSE
Nomascus_siki,Nomascus siki,nomascus siki,nomascus siki,FALSE
Nycticebus_bengalensis,Nycticebus bengalensis,nycticebus bengalensis,nycticebus bengalensis,FALSE
Nycticebus_coucang,Nycticebus coucang,nycticebus coucang,nycticebus coucang,FALSE
Nycticebus_javanicus,Nycticebus javanicus,nycticebus javanicus,nycticebus javanicus,FALSE
Nycticebus_menagensis,Nycticebus menagensis,nycticebus menagensis,nycticebus menagensis,FALSE
Nycticebus_pygmaeus,Nycticebus pygmaeus,nycticebus pygmaeus,nycticebus pygmaeus,FALSE
Otolemur_crassicaudatus,Otolemur crassicaudatus,otolemur crassicaudatus,otolemur crassicaudatus,FALSE
Otolemur_garnettii,Otolemur garnettii,otolemur garnettii,otolemur garnettii,FALSE
Pan_paniscus,Pan paniscus,pan paniscus,pan paniscus,FALSE
Pan_troglodytes_schweinfurthii,Pan troglodytes schweinfurthii,pan troglodytes,pan troglodytes,FALSE
Pan_troglodytes_troglodytes,Pan troglodytes troglodytes,pan troglodytes,pan troglodytes,FALSE
Pan_troglodytes_vellerosus,Pan troglodytes vellerosus,pan troglodytes,pan troglodytes,FALSE
Pan_troglodytes_verus,Pan troglodytes verus,pan troglodytes,pan troglodytes,FALSE
Papio_anubis,Papio anubis,papio anubis,papio anubis,FALSE
Papio_cynocephalus,Papio cynocephalus,papio cynocephalus,papio cynocephalus,FALSE
Papio_hamadryas,Papio hamadryas,papio hamadryas,papio hamadryas,FALSE
Papio_papio,Papio papio,papio papio,papio papio,FALSE
Papio_ursinus,Papio ursinus,papio ursinus,papio ursinus,FALSE
Perodicticus_potto,Perodicticus potto,perodicticus potto,perodicticus potto,FALSE
Phaner_furcifer,Phaner furcifer,phaner furcifer,phaner furcifer,FALSE
Phaner_furcifer_pallescens,Phaner furcifer pallescens,phaner furcifer,phaner furcifer,FALSE
Piliocolobus_badius,Piliocolobus badius,piliocolobus badius,piliocolobus badius,FALSE
Piliocolobus_foai,Piliocolobus foai,piliocolobus foai,piliocolobus foai,FALSE
Piliocolobus_gordonorum,Piliocolobus gordonorum,piliocolobus gordonorum,piliocolobus gordonorum,FALSE
Piliocolobus_kirkii,Piliocolobus kirkii,piliocolobus kirkii,piliocolobus kirkii,FALSE
Piliocolobus_pennantii,Piliocolobus pennantii,piliocolobus pennantii,piliocolobus pennantii,FALSE
Piliocolobus_preussi,Piliocolobus preussi,piliocolobus preussi,piliocolobus preussi,FALSE
Piliocolobus_rufomitratus,Piliocolobus rufomitratus,piliocolobus rufomitratus,piliocolobus rufomitratus,FALSE
Piliocolobus_tephrosceles,Piliocolobus tephrosceles,piliocolobus tephrosceles,piliocolobus tephrosceles,FALSE
Piliocolobus_tholloni,Piliocolobus tholloni,piliocolobus tholloni,piliocolobus tholloni,FALSE
Pithecia_irrorata,Pithecia irrorata,pithecia irrorata,pithecia irrorata,FALSE
Pithecia_pithecia,Pithecia pithecia,pithecia pithecia,pithecia pithecia,FALSE
Pongo_abelii,Pongo abelii,pongo abelii,pongo abelii,FALSE
Pongo_pygmaeus,Pongo pygmaeus,pongo pygmaeus,pongo pygmaeus,FALSE
Presbytis_comata,Presbytis comata,presbytis comata,presbytis comata,FALSE
Presbytis_melalophos,Presbytis melalophos,presbytis melalophos,presbytis melalophos,FALSE
Procolobus_verus,Procolobus verus,procolobus verus,procolobus verus,FALSE
Propithecus_coquereli,Propithecus coquereli,propithecus coquereli,propithecus coquereli,FALSE
Propithecus_deckenii,Propithecus deckenii,propithecus deckenii,propithecus deckenii,FALSE
Propithecus_diadema,Propithecus diadema,propithecus diadema,propithecus diadema,FALSE
Propithecus_edwardsi,Propithecus edwardsi,propithecus edwardsi,propithecus edwardsi,FALSE
Propithecus_tattersalli,Propithecus tattersalli,propithecus tattersalli,propithecus tattersalli,FALSE
Propithecus_verreauxi,Propithecus verreauxi,propithecus verreauxi,propithecus verreauxi,FALSE
Pygathrix_cinerea,Pygathrix cinerea,pygathrix cinerea,pygathrix cinerea,FALSE
Pygathrix_nemaeus,Pygathrix nemaeus,pygathrix nemaeus,pygathrix nemaeus,FALSE
Rhinopithecus_avunculus,Rhinopithecus avunculus,rhinopithecus avunculus,rhinopithecus avunculus,FALSE
Rhinopithecus_bieti,Rhinopithecus bieti,rhinopithecus bieti,rhinopithecus bieti,FALSE
Rhinopithecus_brelichi,Rhinopithecus brelichi,rhinopithecus brelichi,rhinopithecus brelichi,FALSE
Rhinopithecus_roxellana,Rhinopithecus roxellana,rhinopithecus roxellana,rhinopithecus roxellana,FALSE
Rungwecebus_kipunji,Rungwecebus kipunji,rungwecebus kipunji,rungwecebus kipunji,FALSE
Saguinus_bicolor,Saguinus bicolor,saguinus bicolor,saguinus bicolor,FALSE
Saguinus_fuscicollis,Saguinus fuscicollis,saguinus fuscicollis,saguinus fuscicollis,FALSE
Saguinus_fuscicollis_melanoleucus,Saguinus fuscicollis melanoleucus,saguinus fuscicollis,saguinus fuscicollis,FALSE
Saguinus_geoffroyi,Saguinus geoffroyi,saguinus geoffroyi,saguinus geoffroyi,FALSE
Saguinus_imperator,Saguinus imperator,saguinus imperator,saguinus imperator,FALSE
Saguinus_leucopus,Saguinus leucopus,saguinus leucopus,saguinus leucopus,FALSE
Saguinus_midas,Saguinus midas,saguinus midas,saguinus midas,FALSE
Saguinus_mystax,Saguinus mystax,saguinus mystax,saguinus mystax,FALSE
Saguinus_niger,Saguinus niger,saguinus niger,saguinus niger,FALSE
Saguinus_oedipus,Saguinus oedipus,saguinus oedipus,saguinus oedipus,FALSE
Saguinus_tripartitus,Saguinus tripartitus,saguinus tripartitus,saguinus tripartitus,FALSE
Saimiri_boliviensis,Saimiri boliviensis,saimiri boliviensis,saimiri boliviensis,FALSE
Saimiri_oerstedii,Saimiri oerstedii,saimiri oerstedii,saimiri oerstedii,FALSE
Saimiri_sciureus,Saimiri sciureus,saimiri sciureus,saimiri sciureus,FALSE
Saimiri_ustus,Saimiri ustus,saimiri ustus,saimiri ustus,FALSE
Semnopithecus_entellus,Semnopithecus entellus,semnopithecus entellus,semnopithecus entellus,FALSE
Symphalangus_syndactylus,Symphalangus syndactylus,symphalangus syndactylus,symphalangus syndactylus,FALSE
Tarsius_bancanus,Tarsius bancanus,tarsius bancanus,tarsius bancanus,FALSE
Tarsius_dentatus,Tarsius dentatus,tarsius dentatus,tarsius dentatus,FALSE
Tarsius_lariang,Tarsius lariang,tarsius lariang,tarsius lariang,FALSE
Tarsius_syrichta,Tarsius syrichta,tarsius syrichta,tarsius syrichta,FALSE
Theropithecus_gelada,Theropithecus gelada,theropithecus gelada,theropithecus gelada,FALSE
Trachypithecus_auratus,Trachypithecus auratus,trachypithecus auratus,trachypithecus auratus,FALSE
Trachypithecus_cristatus,Trachypithecus cristatus,trachypithecus cristatus,trachypithecus cristatus,FALSE
Trachypithecus_delacouri,Trachypithecus delacouri,trachypithecus delacouri,trachypithecus delacouri,FALSE
Trachypithecus_francoisi,Trachypithecus francoisi,trachypithecus francoisi,trachypithecus francoisi,FALSE
Trachypithecus_geei,Trachypithecus geei,trachypithecus geei,trachypithecus geei,FALSE
Trachypithecus_germaini,Trachypithecus germaini,trachypithecus germaini,trachypithecus germaini,FALSE
Trachypithecus_johnii,Trachypithecus johnii,trachypithecus johnii,trachypithecus johnii,FALSE
Trachypithecus_laotum,Trachypithecus laotum,trachypithecus laotum,trachypithecus laotum,FALSE
Trachypithecus_obscurus,Trachypithecus obscurus,trachypithecus obscurus,trachypithecus obscurus,FALSE
Trachypithecus_phayrei,Trachypithecus phayrei,trachypithecus phayrei,trachypithecus phayrei,FALSE
Trachypithecus_pileatus,Trachypithecus pileatus,trachypithecus pileatus,trachypithecus pileatus,FALSE
Trachypithecus_poliocephalus,Trachypithecus poliocephalus,trachypithecus poliocephalus,trachypithecus poliocephalus,FALSE
Trachypithecus_vetulus,Trachypithecus vetulus,trachypithecus vetulus,trachypithecus vetulus,FALSE
Varecia_rubra,Varecia rubra,varecia rubra,varecia rubra,FALSE
Varecia_variegata_variegata,Varecia variegata variegata,varecia variegata,varecia variegata,FALSE
